{
    "actors": [
        {
            "fileID": 1,
            "picIndex": 1,
            "position": [
                2.9399988651275635,
                0.12000002712011337,
                0.0
            ],
            "sizeInWs": [
                3.0,
                3.0,
                3.0
            ],
            "type": 1
        },
        {
            "fileID": 1,
            "picIndex": 1,
            "position": [
                -1.040000081062317,
                0.0,
                0.0
            ],
            "sizeInWs": [
                3.0,
                3.0,
                3.0
            ],
            "type": 1
        },
        {
            "fileID": 1,
            "picIndex": 1,
            "position": [
                0.9199999570846558,
                -0.19999992847442627,
                0.0
            ],
            "sizeInWs": [
                3.0,
                3.0,
                3.0
            ],
            "type": 1
        }
    ],
    "beginPoint": [
        -100.0,
        -100.0,
        0.0
    ],
    "blockSize": 3.0,
    "columns": 50,
    "landBlocks": null,
    "rows": 50
}